{
    "$schema": "https://zed.dev/schema/themes/v0.1.0.json",
    "name": "Visual studio code themes",
    "author": "Microsoft",
    "themes": [
        {
            "name": "Default Dark Modern",
            "appearance": "dark",
            "style": {
                "background.appearance": "opaque",
                "accents": [],
                "border": "#2B2B2B",
                "border.variant": "#2B2B2B",
                "border.focused": "#0078D4",
                "border.selected": "#2B2B2B",
                "border.transparent": "#2B2B2B",
                "border.disabled": "#2B2B2B",
                "elevated_surface.background": "#313131",
                "surface.background": "#181818",
                "background": "#1F1F1F",
                "element.background": "#0078D4",
                "element.hover": null,
                "element.active": null,
                "element.selected": null,
                "element.disabled": null,
                "drop_target.background": null,
                "ghost_element.background": null,
                "ghost_element.hover": null,
                "ghost_element.active": null,
                "ghost_element.selected": null,
                "ghost_element.disabled": null,
                "text": "#CCCCCC",
                "text.muted": "#9D9D9D",
                "text.placeholder": null,
                "text.disabled": null,
                "text.accent": null,
                "icon": null,
                "icon.muted": null,
                "icon.disabled": null,
                "icon.placeholder": null,
                "icon.accent": null,
                "status_bar.background": "#181818",
                "title_bar.background": "#181818",
                "toolbar.background": "#1F1F1F",
                "tab_bar.background": "#181818",
                "tab.inactive_background": "#181818",
                "tab.active_background": "#1F1F1F",
                "search.match_background": null,
                "panel.background": "#181818",
                "panel.focused_border": null,
                "pane.focused_border": null,
                "pane_group.border": "#FFFFFF17",
                "scrollbar.thumb.background": null,
                "scrollbar.thumb.hover_background": null,
                "scrollbar.thumb.border": null,
                "scrollbar.track.background": "#1F1F1F",
                "scrollbar.track.border": "#010409",
                "editor.foreground": "#CCCCCC",
                "editor.background": "#1F1F1F",
                "editor.gutter.background": "#1F1F1F",
                "editor.subheader.background": null,
                "editor.active_line.background": null,
                "editor.highlighted_line.background": null,
                "editor.line_number": "#6E7681",
                "editor.active_line_number": "#CCCCCC",
                "editor.invisible": null,
                "editor.wrap_guide": "#2B2B2B",
                "editor.active_wrap_guide": "#2B2B2B",
                "editor.indent_guide": null,
                "editor.indent_guide_active": null,
                "editor.document_highlight.read_background": null,
                "editor.document_highlight.write_background": null,
                "terminal.background": null,
                "terminal.foreground": null,
                "terminal.bright_foreground": null,
                "terminal.dim_foreground": null,
                "terminal.ansi.black": null,
                "terminal.ansi.bright_black": null,
                "terminal.ansi.dim_black": null,
                "terminal.ansi.red": null,
                "terminal.ansi.bright_red": null,
                "terminal.ansi.dim_red": null,
                "terminal.ansi.green": null,
                "terminal.ansi.bright_green": null,
                "terminal.ansi.dim_green": null,
                "terminal.ansi.yellow": null,
                "terminal.ansi.bright_yellow": null,
                "terminal.ansi.dim_yellow": null,
                "terminal.ansi.blue": null,
                "terminal.ansi.bright_blue": null,
                "terminal.ansi.dim_blue": null,
                "terminal.ansi.magenta": null,
                "terminal.ansi.bright_magenta": null,
                "terminal.ansi.dim_magenta": null,
                "terminal.ansi.cyan": null,
                "terminal.ansi.bright_cyan": null,
                "terminal.ansi.dim_cyan": null,
                "terminal.ansi.white": null,
                "terminal.ansi.bright_white": null,
                "terminal.ansi.dim_white": null,
                "link_text.hover": "#4daafc",
                "conflict": null,
                "conflict.background": null,
                "conflict.border": null,
                "created": "#2EA043",
                "created.background": null,
                "created.border": null,
                "deleted": "#F85149",
                "deleted.background": null,
                "deleted.border": null,
                "error": null,
                "error.background": null,
                "error.border": null,
                "hidden": "#9D9D9D",
                "hidden.background": null,
                "hidden.border": null,
                "hint": "#969696ff",
                "hint.background": null,
                "hint.border": null,
                "ignored": null,
                "ignored.background": null,
                "ignored.border": null,
                "info": null,
                "info.background": null,
                "info.border": null,
                "modified": "#0078D4",
                "modified.background": null,
                "modified.border": null,
                "predictive": null,
                "predictive.background": null,
                "predictive.border": null,
                "renamed": null,
                "renamed.background": null,
                "renamed.border": null,
                "success": null,
                "success.background": null,
                "success.border": null,
                "unreachable": null,
                "unreachable.background": null,
                "unreachable.border": null,
                "warning": null,
                "warning.background": null,
                "warning.border": null,
                "players": [],
                "syntax": {
                    "constant": {
                        "color": "#569cd6",
                        "background_color": null,
                        "font_style": null,
                        "font_weight": null
                    },
                    "function": {
                        "color": "#DCDCAA",
                        "background_color": null,
                        "font_style": null,
                        "font_weight": null
                    },
                    "keyword": {
                        "color": "#C586C0",
                        "background_color": null,
                        "font_style": null,
                        "font_weight": null
                    },
                    "number": {
                        "color": "#569cd6",
                        "background_color": null,
                        "font_style": null,
                        "font_weight": null
                    },
                    "string.escape": {
                        "color": "#569cd6",
                        "background_color": null,
                        "font_style": null,
                        "font_weight": null
                    },
                    "type": {
                        "color": "#4EC9B0",
                        "background_color": null,
                        "font_style": null,
                        "font_weight": null
                    },
                    "variable": {
                        "color": "#9CDCFE",
                        "background_color": null,
                        "font_style": null,
                        "font_weight": null
                    },
                    "variable.special": {
                        "color": "#9CDCFE",
                        "background_color": null,
                        "font_style": null,
                        "font_weight": null
                    }
                }
            }
        },
        {
            "name": "Default Light Modern",
            "appearance": "dark",
            "style": {
                "background.appearance": "opaque",
                "accents": [],
                "border": "#E5E5E5",
                "border.variant": "#E5E5E5",
                "border.focused": "#005FB8",
                "border.selected": "#E5E5E5",
                "border.transparent": "#E5E5E5",
                "border.disabled": "#E5E5E5",
                "elevated_surface.background": "#FFFFFF",
                "surface.background": "#F8F8F8",
                "background": "#FFFFFF",
                "element.background": "#005FB8",
                "element.hover": "#F2F2F2",
                "element.active": null,
                "element.selected": "#E8E8E8",
                "element.disabled": null,
                "drop_target.background": null,
                "ghost_element.background": null,
                "ghost_element.hover": "#F2F2F2",
                "ghost_element.active": null,
                "ghost_element.selected": "#E8E8E8",
                "ghost_element.disabled": null,
                "text": "#3B3B3B",
                "text.muted": "#868686",
                "text.placeholder": null,
                "text.disabled": null,
                "text.accent": null,
                "icon": null,
                "icon.muted": null,
                "icon.disabled": null,
                "icon.placeholder": null,
                "icon.accent": null,
                "status_bar.background": "#F8F8F8",
                "title_bar.background": "#F8F8F8",
                "toolbar.background": "#FFFFFF",
                "tab_bar.background": "#F8F8F8",
                "tab.inactive_background": "#F8F8F8",
                "tab.active_background": "#FFFFFF",
                "search.match_background": null,
                "panel.background": "#F8F8F8",
                "panel.focused_border": null,
                "pane.focused_border": null,
                "pane_group.border": "#E5E5E5",
                "scrollbar.thumb.background": null,
                "scrollbar.thumb.hover_background": null,
                "scrollbar.thumb.border": null,
                "scrollbar.track.background": "#FFFFFF",
                "scrollbar.track.border": "#E5E5E5",
                "editor.foreground": "#3B3B3B",
                "editor.background": "#FFFFFF",
                "editor.gutter.background": "#FFFFFF",
                "editor.subheader.background": null,
                "editor.active_line.background": null,
                "editor.highlighted_line.background": null,
                "editor.line_number": "#6E7681",
                "editor.active_line_number": "#3B3B3B",
                "editor.invisible": null,
                "editor.wrap_guide": "#E5E5E5",
                "editor.active_wrap_guide": "#E5E5E5",
                "editor.indent_guide": null,
                "editor.indent_guide_active": null,
                "editor.document_highlight.read_background": null,
                "editor.document_highlight.write_background": null,
                "terminal.background": null,
                "terminal.foreground": null,
                "terminal.bright_foreground": null,
                "terminal.dim_foreground": null,
                "terminal.ansi.black": null,
                "terminal.ansi.bright_black": null,
                "terminal.ansi.dim_black": null,
                "terminal.ansi.red": null,
                "terminal.ansi.bright_red": null,
                "terminal.ansi.dim_red": null,
                "terminal.ansi.green": null,
                "terminal.ansi.bright_green": null,
                "terminal.ansi.dim_green": null,
                "terminal.ansi.yellow": null,
                "terminal.ansi.bright_yellow": null,
                "terminal.ansi.dim_yellow": null,
                "terminal.ansi.blue": null,
                "terminal.ansi.bright_blue": null,
                "terminal.ansi.dim_blue": null,
                "terminal.ansi.magenta": null,
                "terminal.ansi.bright_magenta": null,
                "terminal.ansi.dim_magenta": null,
                "terminal.ansi.cyan": null,
                "terminal.ansi.bright_cyan": null,
                "terminal.ansi.dim_cyan": null,
                "terminal.ansi.white": null,
                "terminal.ansi.bright_white": null,
                "terminal.ansi.dim_white": null,
                "link_text.hover": "#005FB8",
                "conflict": null,
                "conflict.background": null,
                "conflict.border": null,
                "created": "#2EA043",
                "created.background": null,
                "created.border": null,
                "deleted": "#F85149",
                "deleted.background": null,
                "deleted.border": null,
                "error": null,
                "error.background": null,
                "error.border": null,
                "hidden": "#868686",
                "hidden.background": null,
                "hidden.border": null,
                "hint": "#969696ff",
                "hint.background": null,
                "hint.border": null,
                "ignored": null,
                "ignored.background": null,
                "ignored.border": null,
                "info": null,
                "info.background": null,
                "info.border": null,
                "modified": "#005FB8",
                "modified.background": null,
                "modified.border": null,
                "predictive": null,
                "predictive.background": null,
                "predictive.border": null,
                "renamed": null,
                "renamed.background": null,
                "renamed.border": null,
                "success": null,
                "success.background": null,
                "success.border": null,
                "unreachable": null,
                "unreachable.background": null,
                "unreachable.border": null,
                "warning": null,
                "warning.background": null,
                "warning.border": null,
                "players": [],
                "syntax": {
                    "constant": {
                        "color": "#0000ff",
                        "background_color": null,
                        "font_style": null,
                        "font_weight": null
                    },
                    "function": {
                        "color": "#795E26",
                        "background_color": null,
                        "font_style": null,
                        "font_weight": null
                    },
                    "keyword": {
                        "color": "#AF00DB",
                        "background_color": null,
                        "font_style": null,
                        "font_weight": null
                    },
                    "number": {
                        "color": "#0000ff",
                        "background_color": null,
                        "font_style": null,
                        "font_weight": null
                    },
                    "string.escape": {
                        "color": "#0000ff",
                        "background_color": null,
                        "font_style": null,
                        "font_weight": null
                    },
                    "type": {
                        "color": "#267f99",
                        "background_color": null,
                        "font_style": null,
                        "font_weight": null
                    },
                    "variable": {
                        "color": "#001080",
                        "background_color": null,
                        "font_style": null,
                        "font_weight": null
                    },
                    "variable.special": {
                        "color": "#001080",
                        "background_color": null,
                        "font_style": null,
                        "font_weight": null
                    }
                }
            }
        }
    ]
}
