<?xml version="1.0" encoding="UTF-8"?>
<interface>
<object class="GtkMenu" id="menu">
 	<child>
		<object class="GtkMenuItem" id="about">
			<property name="label"> About</property>
    		</object>
	</child>
	<child>
		<object class="GtkMenuItem" id="info">
			<property name="label"> Ressources</property>
    		</object>
	</child>
	<child>
      		<object class="GtkSeparatorMenuItem" id="delimiter1"/>
    	</child>
    	<child>
		<object class="GtkMenuItem" id="lock">
			<property name="label"> Lock Screen</property>
        	</object>
	</child>
	<child>
        	<object class="GtkMenuItem" id="suspend">
			<property name="label"> Suspend</property>
        	</object>
	</child>
   	<child>
        	<object class="GtkMenuItem" id="reboot">
			<property name="label">󰑓 Reboot</property>
        	</object>
    	</child>
  	<child>
        	<object class="GtkMenuItem" id="shutdown">
			<property name="label">  Shutdown</property>
        	</object>
	</child>
</object>
</interface>
